{
  "features": [
    "innings",
    "over",
    "runs_so_far",
    "wickets_so_far",
    "balls_remaining",
    "crr",
    "rrr",
    "runs_required",
    "target",
    "pct_target",
    "pct_balls_used",
    "wickets_in_hand"
  ],
  "coef": [
    2.8311222880983,
    -0.0956549085648145,
    1.6271948712511008,
    -0.3086455691433764,
    0.5138202462122367,
    -0.0022708279844108913,
    -1.806677694224557,
    0.5432473098491791,
    -2.4911995212955786,
    0.8473162552369615,
    -0.492308664739388,
    0.30864556914336044
  ],
  "intercept": -0.15774661361560788,
  "scaler_mean": [
    1.4816065661034261,
    9.199493587115246,
    77.1543839962019,
    2.4619686800894853,
    61.13993612292022,
    7.502198328769646,
    4.95017640287595,
    45.75617010869174,
    81.99789953746664,
    0.2145423769842746,
    0.4905322730313559,
    7.538031319910514
  ],
  "scaler_scale": [
    0.49966156705263237,
    5.678669061154231,
    49.94166616734765,
    2.1016216633078018,
    34.219943927636535,
    2.31304205615761,
    6.5499881315159705,
    59.365862057916814,
    87.8496962693339,
    0.2931123575786428,
    0.28522363926503047,
    2.1016216633078018
  ],
  "classes": [
    0,
    1
  ],
  "n_training_samples": 278034,
  "train_accuracy": 0.699205852521634,
  "feature_importance": {
    "innings": 2.8311222880983,
    "over": 0.0956549085648145,
    "runs_so_far": 1.6271948712511008,
    "wickets_so_far": 0.3086455691433764,
    "balls_remaining": 0.5138202462122367,
    "crr": 0.0022708279844108913,
    "rrr": 1.806677694224557,
    "runs_required": 0.5432473098491791,
    "target": 2.4911995212955786,
    "pct_target": 0.8473162552369615,
    "pct_balls_used": 0.492308664739388,
    "wickets_in_hand": 0.30864556914336044
  }
}